label,label_idx,korean_word
WORD0001,0,고민
WORD0002,1,뻔뻔
WORD0003,2,수어
WORD0004,3,남아
WORD0005,4,눈
WORD0006,5,독신
WORD0007,6,음료수
WORD0008,7,발가락
WORD0009,8,슬프다
WORD0010,9,자극
WORD0011,10,안타깝다
WORD0012,11,어색하다
WORD0013,12,여아
WORD0014,13,외국인
WORD0015,14,영아
WORD0016,15,신사
WORD0017,16,뉴질랜드
WORD0018,17,나사렛대학교
WORD0019,18,알아서
WORD0020,19,장애인
WORD0021,20,열아홉번째
WORD0022,21,침착
WORD0023,22,성실
WORD0024,23,학교연혁
WORD0025,24,싫어하다
WORD0026,25,급하다
WORD0027,26,필기시험
WORD0028,27,병문안
WORD0029,28,검사
WORD0030,29,결승전
WORD0031,30,낚시터
WORD0032,31,낚시대
WORD0033,32,당뇨병
WORD0034,33,독서
WORD0035,34,매표소
WORD0036,35,면역
WORD0037,36,감기
WORD0038,37,배드민턴
WORD0039,38,변비
WORD0040,39,병명
WORD0041,40,보건소
WORD0042,41,불면증
WORD0043,42,불행
WORD0044,43,붕대
WORD0045,44,사위
WORD0046,45,설사
WORD0047,46,성병
WORD0048,47,방충
WORD0049,48,소화제
WORD0050,49,손녀
WORD0051,50,손자
WORD0052,51,수면제
WORD0053,52,수집가
WORD0054,53,여행지
WORD0055,54,예식장
WORD0056,55,올림픽경기
WORD0057,56,회복
WORD0058,57,첫번째
WORD0059,58,운동경기
WORD0060,59,입원
WORD0061,60,재혼
WORD0062,61,진단서
WORD0063,62,축구장
WORD0064,63,치료
WORD0065,64,치료법
WORD0066,65,친아들
WORD0067,66,퇴원
WORD0068,67,한약
WORD0069,68,한약방
WORD0070,69,빈혈
WORD0071,70,화상
WORD0072,71,가래떡
WORD0073,72,고깃국
WORD0074,73,고추
WORD0075,74,고추가루
WORD0076,75,사골
WORD0077,76,배추국
WORD0078,77,꽈베기
WORD0079,78,벌꿀
WORD0080,79,꿀물
WORD0081,80,냄비
WORD0082,81,찬물
WORD0083,82,다과
WORD0084,83,지방경찰청장
WORD0085,84,된장찌게
WORD0086,85,돼지고기
WORD0087,86,두부
WORD0088,87,딸기
WORD0089,88,떡국
WORD0090,89,라면
WORD0091,90,막걸리
WORD0092,91,무
WORD0093,92,밥그릇
WORD0094,93,밥솥
WORD0095,94,보신탕
WORD0096,95,부엌
WORD0097,96,소불고기
WORD0098,97,비빔밥
WORD0099,98,사과
WORD0100,99,사이다
WORD0101,100,달다
WORD0102,101,소주
WORD0103,102,술잔
WORD0104,103,식당
WORD0105,104,쌀가루
WORD0106,105,냉커피
WORD0107,106,양식
WORD0108,107,위스키
WORD0109,108,술
WORD0110,109,용품
WORD0111,110,유리그릇
WORD0112,111,짬뽕
WORD0113,112,참외
WORD0114,113,칼국수
WORD0115,114,커피
WORD0116,115,콜라
WORD0117,116,콩가루
WORD0118,117,통조림
WORD0119,118,와인
WORD0120,119,백설기
WORD0121,120,가죽신
WORD0122,121,군복
WORD0123,122,포켓
WORD0124,123,양산
WORD0125,124,운동화
WORD0126,125,잠옷
WORD0127,126,이불
WORD0128,127,에어컨
WORD0129,128,행거
WORD0130,129,월세
WORD0131,130,전세
WORD0132,131,치약
WORD0133,132,가수
WORD0134,133,체감
WORD0135,134,경고
WORD0136,135,경찰서
WORD0137,136,공식
WORD0138,137,과장
WORD0139,138,관광버스
WORD0140,139,교수
WORD0141,140,교장
WORD0142,141,찻길
WORD0143,142,독일어
WORD0144,143,반환
WORD0145,144,음주운전
WORD0146,145,동아리
WORD0147,146,디자이너
WORD0148,147,마을버스
WORD0149,148,구급차
WORD0150,149,개입하지않는다
WORD0151,150,음주운전
WORD0152,151,사무
WORD0153,152,신입학
WORD0154,153,여객선
WORD0155,154,여행사
WORD0156,155,기차역
WORD0157,156,예술가
WORD0158,157,외국어
WORD0159,158,요리사
WORD0160,159,강요
WORD0161,160,운동선수
WORD0162,161,퇴임
WORD0163,162,의사
WORD0164,163,이력서
WORD0165,164,자가용
WORD0166,165,재택근무
WORD0167,166,연령제한
WORD0168,167,주차장
WORD0169,168,채팅
WORD0170,169,출근
WORD0171,170,코치
WORD0172,171,터미널
WORD0173,172,근무
WORD0174,173,통역사
WORD0175,174,퇴사
WORD0176,175,사직
WORD0177,176,판결
WORD0178,177,평가
WORD0179,178,두번째
WORD0180,179,항공사
WORD0181,180,교통안전교육
WORD0182,181,화상채팅
WORD0183,182,회식
WORD0184,183,교통기본교육
WORD0185,184,후원
WORD0186,185,희생
WORD0187,186,간호사
WORD0188,187,교통법교육
WORD0189,188,계약금
WORD0190,189,고용
WORD0191,190,사업장
WORD0192,191,버스값
WORD0193,192,구직
WORD0194,193,논
WORD0195,194,대기업
WORD0196,195,사육장
WORD0197,196,백화점
WORD0198,197,압류
WORD0199,198,거지
WORD0200,199,수입
WORD0201,200,신용카드
WORD0202,201,백수
WORD0203,202,아르바이트
WORD0204,203,샛길
WORD0205,204,일시불
WORD0206,205,주유소
WORD0207,206,집주인
WORD0208,207,한국은행
WORD0209,208,경찰청장
WORD0210,209,가정교육
WORD0211,210,고등학교
WORD0212,211,고등학생
WORD0213,212,교무실
WORD0214,213,개학
WORD0215,214,교실
WORD0216,215,교육자
WORD0217,216,국어학
WORD0218,217,낙제
WORD0219,218,예절
WORD0220,219,독서실
WORD0221,220,등교
WORD0222,221,맹학교
WORD0223,222,복습
WORD0224,223,분필
WORD0225,224,상장
WORD0226,225,서점
WORD0227,226,학업
WORD0228,227,실습
WORD0229,228,여학교
WORD0230,229,여학생
WORD0231,230,연구소
WORD0232,231,연구실
WORD0233,232,예습
WORD0234,233,유학
WORD0235,234,의학
WORD0236,235,지도
WORD0237,236,재학
WORD0238,237,연구
WORD0239,238,학부모
WORD0240,239,학식
WORD0241,240,훈련
WORD0242,241,경기도
WORD0243,242,경기도
WORD0244,243,경북
WORD0245,244,남산
WORD0246,245,울릉도
WORD0247,246,울산
WORD0248,247,전남
WORD0249,248,청주
WORD0250,249,충북
WORD0251,250,충남
WORD0252,251,불경
WORD0253,252,불경
WORD0254,253,성경책
WORD0255,254,신학
WORD0256,255,장로교
WORD0257,256,일요일
WORD0258,257,축하
WORD0259,258,회개
WORD0260,259,소감
WORD0261,260,장난
WORD0262,261,장인
WORD0263,262,희생자
WORD0264,263,디자인
WORD0265,264,돌무덤
WORD0266,265,쇠기둥
WORD0267,266,동화책
WORD0268,267,목공예
WORD0269,268,문학
WORD0270,269,문화유산
WORD0271,270,음악가
WORD0272,271,예술
WORD0273,272,초상화
WORD0274,273,토기
WORD0275,274,흑백영화
WORD0276,275,공군
WORD0277,276,감옥
WORD0278,277,국왕
WORD0279,278,보건복지
WORD0280,279,고소
WORD0281,280,유권자
WORD0282,281,절도죄
WORD0283,282,수감자
WORD0284,283,총무
WORD0285,284,강
WORD0286,285,달빛
WORD0287,286,장마
WORD0288,287,체온
WORD0289,288,파도
WORD0290,289,하늘
WORD0291,290,가시나무
WORD0292,291,강아지
WORD0293,292,구렁이
WORD0294,293,까마귀
WORD0295,294,꽃씨
WORD0296,295,꽃잎
WORD0297,296,웃는척
WORD0298,297,흡연실
WORD0299,298,무궁화
WORD0300,299,밤나무
WORD0301,300,벚꽃
WORD0302,301,깃털
WORD0303,302,솔잎
WORD0304,303,송아지
WORD0305,304,소뿔
WORD0306,305,양털
WORD0307,306,연꽃
WORD0308,307,참새
WORD0309,308,어젯밤
WORD0310,309,갈색
WORD0311,310,최상급
WORD0312,311,공휴일
WORD0313,312,세번째
WORD0314,313,네번째
WORD0315,314,흙내음
WORD0316,315,금요일
WORD0317,316,급행
WORD0318,317,남부지방
WORD0319,318,식목일
WORD0320,319,방금
WORD0321,320,100만원
WORD0322,321,보라색
WORD0323,322,분홍조명
WORD0324,323,분혹색
WORD0325,324,얼굴이빨개지다
WORD0326,325,사춘기
WORD0327,326,3.1절
WORD0328,327,생년월일
WORD0329,328,수요일
WORD0330,329,10만원
WORD0331,330,어떻게
WORD0332,331,어린이날
WORD0333,332,연말
WORD0334,333,예전
WORD0335,334,식전
WORD0336,335,월요일
WORD0337,336,일요일
WORD0338,337,자정
WORD0339,338,아까
WORD0340,339,진하기
WORD0341,340,검정머리
WORD0342,341,최대
WORD0343,342,최소
WORD0344,343,평일
WORD0345,344,한글날
WORD0346,345,현충일
WORD0347,346,화요일
WORD0348,347,황금색
WORD0349,348,흑백
WORD0350,349,흑색
WORD0351,350,임시협약
WORD0352,351,감금
WORD0353,352,탈춤
WORD0354,353,가명
WORD0355,354,가발
WORD0356,355,가위바위보
WORD0357,356,가족회의
WORD0358,357,가짜
WORD0359,358,서약서
WORD0360,359,간편
WORD0361,360,감옥
WORD0362,361,감옥살이
WORD0363,362,보호
WORD0364,363,견습
WORD0365,364,강약
WORD0366,365,강철
WORD0367,366,개똥
WORD0368,367,개명
WORD0369,368,신경쓰다
WORD0370,369,거목
WORD0371,370,거북선
WORD0372,371,거역
WORD0373,372,거지
WORD0374,373,건장
WORD0375,374,걸스카우트
WORD0376,375,거지
WORD0377,376,휴학
WORD0378,377,휴학
WORD0379,378,회칙
WORD0380,379,결승전
WORD0381,380,경찰행정
WORD0382,381,경비실
WORD0383,382,고아원
WORD0384,383,고춧잎
WORD0385,384,불알
WORD0386,385,황금기
WORD0387,386,골절
WORD0388,387,공식발표
WORD0389,388,맞추다
WORD0390,389,공군본부
WORD0391,390,공범
WORD0392,391,동거
WORD0393,392,공증
WORD0394,393,과로
WORD0395,394,실수
WORD0396,395,회상
WORD0397,396,과태료
WORD0398,397,관습
WORD0399,398,직인
WORD0400,399,정밀검사
WORD0401,400,대지
WORD0402,401,광업
WORD0403,402,미치광이
WORD0404,403,강풍
WORD0405,404,환대
WORD0406,405,교가
WORD0407,406,교기
WORD0408,407,지도
WORD0409,408,교기
WORD0410,409,교모
WORD0411,410,지도법
WORD0412,411,학습
WORD0413,412,지도
WORD0414,413,교육과정
WORD0415,414,교육청
WORD0416,415,교사직무
WORD0417,416,사거리
WORD0418,417,교탁
WORD0419,418,구두액
WORD0420,419,수갑
WORD0421,420,조직도
WORD0422,421,국그릇
WORD0423,422,국기
WORD0424,423,독립
WORD0425,424,군가
WORD0426,425,군마
WORD0427,426,다섯번째
WORD0428,427,군비행장
WORD0429,428,독재자
WORD0430,429,귀부인
WORD0431,430,상류층
WORD0432,431,모범
WORD0433,432,그날
WORD0434,433,기초확인
WORD0435,434,금식
WORD0436,435,얼마
WORD0437,436,금연
WORD0438,437,금욕
WORD0439,438,금주
WORD0440,439,불쌍
WORD0441,440,식도염
WORD0442,441,신기
WORD0443,442,신기
WORD0444,443,기혼
WORD0445,444,귀중품
WORD0446,445,길몽
WORD0447,446,길일
WORD0448,447,길운
WORD0449,448,고난이도
WORD0450,449,비좁다
WORD0451,450,유언
WORD0452,451,온실
WORD0453,452,고난이도
WORD0454,453,날쎄다
WORD0455,454,비루
WORD0456,455,쑥쓰럽다
WORD0457,456,남성적
WORD0458,457,내정
WORD0459,458,능숙
WORD0460,459,대모
WORD0461,460,농인
WORD0462,461,다복
WORD0463,462,결합을끊다
WORD0464,463,단명
WORD0465,464,단문
WORD0466,465,능력자
WORD0467,466,곰방대
WORD0468,467,담당
WORD0469,468,답안지
WORD0470,469,책임이사
WORD0471,470,채용자
WORD0472,471,대교
WORD0473,472,대독
WORD0474,473,대필
WORD0475,474,대성공
WORD0476,475,세수대야
WORD0477,476,확정
WORD0478,477,면적
WORD0479,478,회장
WORD0480,479,품격
WORD0481,480,도벽
WORD0482,481,도자기기술
WORD0483,482,자습
WORD0484,483,돌기둥
WORD0485,484,돌다리
WORD0486,485,돌벽
WORD0487,486,동갑
WORD0488,487,동메달
WORD0489,488,주민센터
WORD0490,489,독특
WORD0491,490,무덤덤
WORD0492,491,뒷산
WORD0493,492,등록금
WORD0494,493,담당
WORD0495,494,생각못하다
WORD0496,495,주문서
WORD0497,496,마구간
WORD0498,497,마술사
WORD0499,498,마스크
WORD0500,499,마음에들다
WORD0501,500,막차
WORD0502,501,만취
WORD0503,502,나무기둥
WORD0504,503,의미
WORD0505,504,실언
WORD0506,505,말끼어들기
WORD0507,506,망아지
WORD0508,507,무매력
WORD0509,508,확약
WORD0510,509,고급지다
WORD0511,510,맷돌
WORD0512,511,먹
WORD0513,512,회원
WORD0514,513,사라지다
WORD0515,514,명단
WORD0516,515,명마
WORD0517,516,명예
WORD0518,517,모범생
WORD0519,518,무례
WORD0520,519,무법자
WORD0521,520,무료교육
WORD0522,521,무의미
WORD0523,522,무인상
WORD0524,523,무통
WORD0525,524,무허가
WORD0526,525,여배우
WORD0527,526,문잠그다
WORD0528,527,문제지
WORD0529,528,상세검색
WORD0530,529,묻다
WORD0531,530,물총
WORD0532,531,물통
WORD0533,532,미군
WORD0534,533,미납
WORD0535,534,미신
WORD0536,535,미완성
WORD0537,536,미행
WORD0538,537,미혼
WORD0539,538,밀고
WORD0540,539,밀거래
WORD0541,540,밀거래단
WORD0542,541,밀서
WORD0543,542,밀거래
WORD0544,543,밀작
WORD0545,544,확답
WORD0546,545,반역
WORD0547,546,반장
WORD0548,547,발견
WORD0549,548,발언권
WORD0550,549,방식
WORD0551,550,화실
WORD0552,551,방음
WORD0553,552,방직
WORD0554,553,방직공장
WORD0555,554,정보차단
WORD0556,555,방도
WORD0557,556,위로
WORD0558,557,견습소
WORD0559,558,배은
WORD0560,559,결심
WORD0561,560,백일잔치
WORD0562,561,번거롭다
WORD0563,562,출산증가
WORD0564,563,베다
WORD0565,564,벌칙사항
WORD0566,565,소개
WORD0567,566,별거
WORD0568,567,별미
WORD0569,568,병가
WORD0570,569,병사
WORD0571,570,쓰러지다
WORD0572,571,환자실
WORD0573,572,병아리
WORD0574,573,군책
WORD0575,574,보수교육
WORD0576,575,보이스카우트
WORD0577,576,부동산
WORD0578,577,보건복지부
WORD0579,578,복지카드
WORD0580,579,희미
WORD0581,580,부고
WORD0582,581,무자유
WORD0583,582,분담
WORD0584,583,투쟁
WORD0585,584,여섯번째
WORD0586,585,가쁘다
WORD0587,586,무각오
WORD0588,587,호명
WORD0589,588,비교연구
WORD0590,589,비닐하우스
WORD0591,590,비인간적
WORD0592,591,자비없다
WORD0593,592,예금
WORD0594,593,공석
WORD0595,594,완벽
WORD0596,595,속달
WORD0597,596,삐치다
WORD0598,597,사감
WORD0599,598,형제지간
WORD0600,599,사냥꾼
WORD0601,600,겉모습
WORD0602,601,면제
WORD0603,602,사모님
WORD0604,603,복사본
WORD0605,604,사생활
WORD0606,605,혈통
WORD0607,606,사립
WORD0608,607,친척
WORD0609,608,사용법
WORD0610,609,친가족
WORD0611,610,사인
WORD0612,611,혈액형
WORD0613,612,부채질
WORD0614,613,사진작가
WORD0615,614,과용
WORD0616,615,사립학교
WORD0617,616,사후
WORD0618,617,삭발
WORD0619,618,38선
WORD0620,619,상품
WORD0621,620,새
WORD0622,621,새똥
WORD0623,622,새알
WORD0624,623,새집
WORD0625,624,색맹
WORD0626,625,색연필
WORD0627,626,색종이
WORD0628,627,학생생활기록부
WORD0629,628,혈서
WORD0630,629,후천적
WORD0631,630,벨트
WORD0632,631,맹세
WORD0633,632,서구식
WORD0634,633,서울역
WORD0635,634,헤드라이트
WORD0636,635,편견
WORD0637,636,정벌
WORD0638,637,사납다
WORD0639,638,섬나라
WORD0640,639,직무대행
WORD0641,640,성인
WORD0642,641,연설
WORD0643,642,연설문
WORD0644,643,제사
WORD0645,644,성씨
WORD0646,645,성조기
WORD0647,646,성폭행
WORD0648,647,세뇌
WORD0649,648,센티미터
WORD0650,649,소금물
WORD0651,650,소복
WORD0652,651,소화불량
WORD0653,652,송년회
WORD0654,653,쇄신
WORD0655,654,수영장
WORD0656,655,수재
WORD0657,656,수저통
WORD0658,657,숙련
WORD0659,658,야간경비
WORD0660,659,순금
WORD0661,660,순산
WORD0662,661,술값
WORD0663,662,술집
WORD0664,663,숨차다
WORD0665,664,일곱번째
WORD0666,665,습자
WORD0667,666,승마복
WORD0668,667,승패
WORD0669,668,시댁
WORD0670,669,시달리다
WORD0671,670,시차
WORD0672,671,첫째
WORD0673,672,시험감독
WORD0674,673,선별
WORD0675,674,신식
WORD0676,675,신체적장애
WORD0677,676,신통하다
WORD0678,677,실명
WORD0679,678,실생활
WORD0680,679,여덟번째
WORD0681,680,증거
WORD0682,681,실천
WORD0683,682,공개
WORD0684,683,괴롭다
WORD0685,684,논의
WORD0686,685,쌀값
WORD0687,686,아끼다
WORD0688,687,고집
WORD0689,688,통증
WORD0690,689,악몽
WORD0691,690,악습
WORD0692,691,악영향
WORD0693,692,악용
WORD0694,693,나빠지다
WORD0695,694,안경원
WORD0696,695,안내원
WORD0697,696,안위
WORD0698,697,암살
WORD0699,698,깜깜하다
WORD0700,699,압정
WORD0701,700,애국자
WORD0702,701,안쓰럽다
WORD0703,702,애착
WORD0704,703,애처
WORD0705,704,야구부
WORD0706,705,건달
WORD0707,706,약학
WORD0708,707,얌전하다
WORD0709,708,양계
WORD0710,709,일임
WORD0711,710,경로당
WORD0712,711,양서
WORD0713,712,온순하다
WORD0714,713,형식
WORD0715,714,숙녀복
WORD0716,715,양젖
WORD0717,716,언약
WORD0718,717,알록달록
WORD0719,718,깎다
WORD0720,719,여공
WORD0721,720,여군
WORD0722,721,여대생
WORD0723,722,여성복
WORD0724,723,여성학과
WORD0725,724,여경
WORD0726,725,여탕
WORD0727,726,연애편지
WORD0728,727,연초
WORD0729,728,연패
WORD0730,729,연합
WORD0731,730,연하다
WORD0732,731,영문법
WORD0733,732,독보적
WORD0734,733,일반직
WORD0735,734,예정
WORD0736,735,오리알
WORD0737,736,오산
WORD0738,737,좋다
WORD0739,738,순종
WORD0740,739,황소고집
WORD0741,740,완납
WORD0742,741,완료
WORD0743,742,완패
WORD0744,743,왕족
WORD0745,744,천황
WORD0746,745,의문
WORD0747,746,외상값
WORD0748,747,외손녀
WORD0749,748,외손자
WORD0750,749,요강
WORD0751,750,주요점
WORD0752,751,사용처
WORD0753,752,용사
WORD0754,753,큰소리
WORD0755,754,우물
WORD0756,755,우승
WORD0757,756,우승자
WORD0758,757,아홉번째
WORD0759,758,열번째
WORD0760,759,열두번째
WORD0761,760,위임
WORD0762,761,유대인
WORD0763,762,유전
WORD0764,763,유조선
WORD0765,764,은신처
WORD0766,765,응접실
WORD0767,766,정의
WORD0768,767,지도
WORD0769,768,회의록
WORD0770,769,이의
WORD0771,770,익명
WORD0772,771,익사
WORD0773,772,인력
WORD0774,773,농부
WORD0775,774,인사법
WORD0776,775,인자
WORD0777,776,인증
WORD0778,777,인질
WORD0779,778,일본인
WORD0780,779,열세번째
WORD0781,780,자막
WORD0782,781,자살자
WORD0783,782,자석
WORD0784,783,경과실
WORD0785,784,작명
WORD0786,785,작업복
WORD0787,786,장단점
WORD0788,787,장려하다
WORD0789,788,옷장
WORD0790,789,장애인연금
WORD0791,790,장애아동수당
WORD0792,791,장애유형
WORD0793,792,장애인기능경기대회
WORD0794,793,장애인등에대한특수교육법
WORD0795,794,장애인복지관
WORD0796,795,장점
WORD0797,796,장학
WORD0798,797,재고
WORD0799,798,목재
WORD0800,799,재봉틀
WORD0801,800,복습
WORD0802,801,재청
WORD0803,802,무식
WORD0804,803,저명인사
WORD0805,804,전기기술자
WORD0806,805,전기세
WORD0807,806,전쟁터
WORD0808,807,전화번호
WORD0809,808,절수
WORD0810,809,틀림없다
WORD0811,810,공식
WORD0812,811,정신장애
WORD0813,812,단전
WORD0814,813,월초
WORD0815,814,우유
WORD0816,815,구두
WORD0817,816,조간신문
WORD0818,817,조회
WORD0819,818,졸업장
WORD0820,819,종소리
WORD0821,820,종점
WORD0822,821,주관
WORD0823,822,주방장
WORD0824,823,사고방식
WORD0825,824,알코올중독
WORD0826,825,준우승
WORD0827,826,중매
WORD0828,827,재임
WORD0829,828,쥐덫
WORD0830,829,확인서
WORD0831,830,증원
WORD0832,831,증인
WORD0833,832,지급일
WORD0834,833,총괄자
WORD0835,834,지팡이
WORD0836,835,직책
WORD0837,836,진상
WORD0838,837,진실
WORD0839,838,징검다리
WORD0840,839,가르다
WORD0841,840,백석
WORD0842,841,차멀미
WORD0843,842,복잡하다
WORD0844,843,참가자
WORD0845,844,참관
WORD0846,845,차도
WORD0847,846,쓸쓸하다
WORD0848,847,천리
WORD0849,848,천벌
WORD0850,849,천연색
WORD0851,850,철교
WORD0852,851,철근
WORD0853,852,철면피
WORD0854,853,철모
WORD0855,854,철문
WORD0856,855,철판
WORD0857,856,앞서가다
WORD0858,857,제안
WORD0859,858,청소당번
WORD0860,859,청원
WORD0861,860,청진기
WORD0862,861,체납
WORD0863,862,체취
WORD0864,863,체험
WORD0865,864,체험담
WORD0866,865,초대권
WORD0867,866,초라
WORD0868,867,초면
WORD0869,868,초산
WORD0870,869,초혼
WORD0871,870,촉진
WORD0872,871,촛불
WORD0873,872,총소리
WORD0874,873,총회
WORD0875,874,추남
WORD0876,875,추녀
WORD0877,876,추수
WORD0878,877,출석
WORD0879,878,격노
WORD0880,879,부추기다
WORD0881,880,풍성
WORD0882,881,충성
WORD0883,882,취객
WORD0884,883,치과의사
WORD0885,884,치료제
WORD0886,885,친자
WORD0887,886,카지노
WORD0888,887,칼
WORD0889,888,칼슘
WORD0890,889,코코아
WORD0891,890,콩기름
WORD0892,891,콩밭
WORD0893,892,콩잎
WORD0894,893,군사혁명
WORD0895,894,키다리
WORD0896,895,킬로그램
WORD0897,896,킬로미터
WORD0898,897,탁구공
WORD0899,898,탈영
WORD0900,899,탈환
WORD0901,900,독서광
WORD0902,901,탐욕
WORD0903,902,태극기
WORD0904,903,총괄
WORD0905,904,바래다
WORD0906,905,수감
WORD0907,906,특권
WORD0908,907,특명
WORD0909,908,특선
WORD0910,909,막히다
WORD0911,910,건성건성
WORD0912,911,여분
WORD0913,912,소심
WORD0914,913,뽐내다
WORD0915,914,쇼하다
WORD0916,915,과시
WORD0917,916,정성껏
WORD0918,917,전심전력
WORD0919,918,적격
WORD0920,919,추출
WORD0921,920,드러나다
WORD0922,921,결점
WORD0923,922,결점
WORD0924,923,결점
WORD0925,924,결점
WORD0926,925,흠집
WORD0927,926,불량
WORD0928,927,계기
WORD0929,928,걸핏하면
WORD0930,929,독식
WORD0931,930,물귀신
WORD0932,931,매일매일
WORD0933,932,순식간
WORD0934,933,촉박
WORD0935,934,더디다
WORD0936,935,놓치다
WORD0937,936,허탕
WORD0938,937,혹시
WORD0939,938,밤샘
WORD0940,939,들어맞다
WORD0941,940,복귀
WORD0942,941,학수고대
WORD0943,942,가다
WORD0944,943,가다
WORD0945,944,지름길
WORD0946,945,가다
WORD0947,946,사라지다
WORD0948,947,가깝다
WORD0949,948,멀다
WORD0950,949,오래도록
WORD0951,950,결사
WORD0952,951,진수성찬
WORD0953,952,배고프다
WORD0954,953,입맛에맞지않다
WORD0955,954,과음
WORD0956,955,주정뱅이
WORD0957,956,타이트하다
WORD0958,957,칩거
WORD0959,958,대박
WORD0960,959,저택
WORD0961,960,궁핍하다
WORD0962,961,쓰다
WORD0963,962,옛것
WORD0964,963,수북하다
WORD0965,964,회복
WORD0966,965,녹초
WORD0967,966,진땀나다
WORD0968,967,난감하다
WORD0969,968,마르다
WORD0970,969,불면
WORD0971,970,결벽
WORD0972,971,뙤약볕
WORD0973,972,못견디다
WORD0974,973,안심
WORD0975,974,익숙
WORD0976,975,이심전심
WORD0977,976,유명무실
WORD0978,977,소식
WORD0979,978,겹치다
WORD0980,979,첩첩산중
WORD0981,980,동상이몽
WORD0982,981,일자무식
WORD0983,982,싫증나다
WORD0984,983,일석이조
WORD0985,984,자승자박
WORD0986,985,궁지
WORD0987,986,찰나
WORD0988,987,순식간
WORD0989,988,순식간
WORD0990,989,이미
WORD0991,990,수포
WORD0992,991,기세등등
WORD0993,992,공교롭다
WORD0994,993,보복
WORD0995,994,남몰래
WORD0996,995,근근이
WORD0997,996,근근이
WORD0998,997,얻어먹다
WORD0999,998,황소고집
WORD1000,999,속다
WORD1001,1000,한국농아인협회
WORD1002,1001,한국농아인협회
WORD1003,1002,서울특별시농아인협회
WORD1004,1003,서울특별시수어통역센터
WORD1005,1004,서울시청
WORD1006,1005,강남구지부
WORD1007,1006,강남구수어통역센터
WORD1008,1007,강동구지부
WORD1009,1008,강동구수어통역센터
WORD1010,1009,강동구주민지원센터
WORD1011,1010,강북구지부
WORD1012,1011,강북구수어통역센터
WORD1013,1012,강북구주민지원센터
WORD1014,1013,강서구지부
WORD1015,1014,강서구수어통역센터
WORD1016,1015,강서구주민지원센터
WORD1017,1016,관악구지부
WORD1018,1017,관악구수어통역센터
WORD1019,1018,관악구주민지원센터
WORD1020,1019,광진구지부
WORD1021,1020,광진구수어통역센터
WORD1022,1021,광진구주민지원센터
WORD1023,1022,구로구지부
WORD1024,1023,구로구수어통역센터
WORD1025,1024,구로구주민지원센터
WORD1026,1025,금천구지부
WORD1027,1026,금천구수어통역센터
WORD1028,1027,노원구지부
WORD1029,1028,노원구수어통역센터
WORD1030,1029,노원구주민지원센터
WORD1031,1030,도봉구지부
WORD1032,1031,도봉구수어통역센터
WORD1033,1032,도봉구주민지원센터
WORD1034,1033,동대문구지부
WORD1035,1034,동대문구수어통역센터
WORD1036,1035,동대문구주민지원센터
WORD1037,1036,동작구지부
WORD1038,1037,동작구수어통역센터
WORD1039,1038,동작구주민지원센터
WORD1040,1039,마포구지부
WORD1041,1040,마포구수어통역센터
WORD1042,1041,마포구주민지원센터
WORD1043,1042,서대문구지부
WORD1044,1043,서대문구수어통역센터
WORD1045,1044,서대문구주민지원센터
WORD1046,1045,서초구지부
WORD1047,1046,서초구수어통역센터
WORD1048,1047,서초구주민지원센터
WORD1049,1048,성동구지부
WORD1050,1049,성동구수어통역센터
WORD1051,1050,성동구주민지원센터
WORD1052,1051,성북구지부
WORD1053,1052,성북구수어통역센터
WORD1054,1053,성북구주민지원센터
WORD1055,1054,송파구지부
WORD1056,1055,송파구수어통역센터
WORD1057,1056,송파구주민지원센터
WORD1058,1057,양천구지부
WORD1059,1058,양천구수어통역센터
WORD1060,1059,양천구주민지원센터
WORD1061,1060,영등포구지부
WORD1062,1061,영등포구수어통역센터
WORD1063,1062,영등포구주민지원센터
WORD1064,1063,용산구지부
WORD1065,1064,용산구수어통역센터
WORD1066,1065,용산구주민지원센터
WORD1067,1066,은평구지부
WORD1068,1067,은평구수어통역센터
WORD1069,1068,은평구주민지원센터
WORD1070,1069,종로구지부
WORD1071,1070,종로구수어통역센터
WORD1072,1071,종로구주민지원센터
WORD1073,1072,중구지부
WORD1074,1073,중구수어통역센터
WORD1075,1074,중구주민지원센터
WORD1076,1075,중랑구지부
WORD1077,1076,중랑구수어통역센터
WORD1078,1077,중랑구주민지원센터
WORD1079,1078,부산광역시농아인협회
WORD1080,1079,금정구지부
WORD1081,1080,금정구수어통역센터
WORD1082,1081,금정구주민지원센터
WORD1083,1082,북구지부
WORD1084,1083,북구수어통역센터
WORD1085,1084,북구주민지원센터
WORD1086,1085,사하구지부
WORD1087,1086,사하구수어통역센터
WORD1088,1087,사하구주민지원센터
WORD1089,1088,서구지부
WORD1090,1089,서구수어통역센터
WORD1091,1090,서구주민지원센터
WORD1092,1091,수영구지부
WORD1093,1092,수영구수어통역센터
WORD1094,1093,수영구주민지원센터
WORD1095,1094,어쩔 수 없다
WORD1096,1095,모르다
WORD1097,1096,불가능
WORD1098,1097,대구광역시농아인협회
WORD1099,1098,달서구지부
WORD1100,1099,달서구수어통역센터
WORD1101,1100,가렵다
WORD1102,1101,답답
WORD1103,1102,설거지
WORD1104,1103,남자
WORD1105,1104,마음
WORD1106,1105,잊다
WORD1107,1106,충분
WORD1108,1107,미남
WORD1109,1108,한명
WORD1110,1109,징그럽다
WORD1111,1110,급하다
WORD1112,1111,던지다
WORD1113,1112,미녀
WORD1114,1113,쌍둥이
WORD1115,1114,건강
WORD1116,1115,어리석다
WORD1117,1116,나이
WORD1118,1117,달래다
WORD1119,1118,집중
WORD1120,1119,자랑
WORD1121,1120,흰
WORD1122,1121,기막히다
WORD1123,1122,불안
WORD1124,1123,밉다
WORD1125,1124,자존심
WORD1126,1125,배려
WORD1127,1126,기분
WORD1128,1127,당황
WORD1129,1128,검사
WORD1130,1129,원하다
WORD1131,1130,미치다
WORD1132,1131,처녀
WORD1133,1132,잘하다
WORD1134,1133,무섭다
WORD1135,1134,빠르다
WORD1136,1135,예민
WORD1137,1136,기술
WORD1138,1137,눕다
WORD1139,1138,믿다
WORD1140,1139,즐겁다
WORD1141,1140,살인
WORD1142,1141,마지막
WORD1143,1142,듣다
WORD1144,1143,생각
WORD1145,1144,예쁘다
WORD1146,1145,인상
WORD1147,1146,팔
WORD1148,1147,서다
WORD1149,1148,오다
WORD1150,1149,적극
WORD1151,1150,섭섭하다
WORD1152,1151,아프다
WORD1153,1152,오줌
WORD1154,1153,깨끗하다
WORD1155,1154,못생기다
WORD1156,1155,나쁘다
WORD1157,1156,나
WORD1158,1157,피곤하다
WORD1159,1158,한숨
WORD1160,1159,때리다
WORD1161,1160,성격
WORD1162,1161,등산
WORD1163,1162,젊다
WORD1164,1163,창백
WORD1165,1164,자유
WORD1166,1165,종아리맞다
WORD1167,1166,성급
WORD1168,1167,바르다
WORD1169,1168,행복
WORD1170,1169,깨물다
WORD1171,1170,떨다
WORD1172,1171,때문
WORD1173,1172,평안
WORD1174,1173,맞다
WORD1175,1174,챔피언
WORD1176,1175,안다
WORD1177,1176,솔직
WORD1178,1177,꼬마
WORD1179,1178,바보
WORD1180,1179,비율
WORD1181,1180,혀
WORD1182,1181,의자
WORD1183,1182,열심
WORD1184,1183,뚱뚱하다
WORD1185,1184,알다
WORD1186,1185,조심
WORD1187,1186,꿇다
WORD1188,1187,차분
WORD1189,1188,아기
WORD1190,1189,방법
WORD1191,1190,좋다
WORD1192,1191,두배
WORD1193,1192,중요
WORD1194,1193,알다
WORD1195,1194,실망
WORD1196,1195,의미
WORD1197,1196,배고프다
WORD1198,1197,욕심
WORD1199,1198,훌륭
WORD1200,1199,배부르다
WORD1201,1200,죄송
WORD1202,1201,추억
WORD1203,1202,변덕
WORD1204,1203,친구
WORD1205,1204,우습다
WORD1206,1205,똑똑하다
WORD1207,1206,이해
WORD1208,1207,애매하다
WORD1209,1208,흔들리다
WORD1210,1209,얼굴
WORD1211,1210,어렵다
WORD1212,1211,지겹다
WORD1213,1212,낳다
WORD1214,1213,망설이다
WORD1215,1214,창피
WORD1216,1215,친하다
WORD1217,1216,희망
WORD1218,1217,하산
WORD1219,1218,냄새맡다
WORD1220,1219,부럽다
WORD1221,1220,행동
WORD1222,1221,힘들다
WORD1223,1222,매력
WORD1224,1223,웃다
WORD1225,1224,전문
WORD1226,1225,손
WORD1227,1226,너그럽다
WORD1228,1227,유식
WORD1229,1228,쓰러지다
WORD1230,1229,질투
WORD1231,1230,나누다
WORD1232,1231,쉽다
WORD1233,1232,평가
WORD1234,1233,의심
WORD1235,1234,코
WORD1236,1235,화나다
WORD1237,1236,이것
WORD1238,1237,짓밟다
WORD1239,1238,콧물
WORD1240,1239,놀라다
WORD1241,1240,머리카락
WORD1242,1241,사람
WORD1243,1242,우유
WORD1244,1243,졸리다
WORD1245,1244,잠자다
WORD1246,1245,뺨맞다
WORD1247,1246,이상
WORD1248,1247,춥다
WORD1249,1248,머리
WORD1250,1249,몰리다
WORD1251,1250,우울
WORD1252,1251,후회
WORD1253,1252,몸
WORD1254,1253,두근거리다
WORD1255,1254,짜증
WORD1256,1255,인격
WORD1257,1256,착각
WORD1258,1257,훑어보다
WORD1259,1258,느낌
WORD1260,1259,빨리
WORD1261,1260,참다
WORD1262,1261,턱
WORD1263,1262,늙다
WORD1264,1263,소극적
WORD1265,1264,털
WORD1266,1265,까다롭다
WORD1267,1266,책임
WORD1268,1267,기름
WORD1269,1268,못하다
WORD1270,1269,엉덩이
WORD1271,1270,부드럽다
WORD1272,1271,뽀뽀
WORD1273,1272,일어나다
WORD1274,1273,달리다
WORD1275,1274,여자
WORD1276,1275,임신
WORD1277,1276,무식
WORD1278,1277,싫다
WORD1279,1278,입
WORD1280,1279,총각
WORD1281,1280,날씬
WORD1282,1281,가능
WORD1283,1282,사라지다
WORD1284,1283,야단치다
WORD1285,1284,재산
WORD1286,1285,다행
WORD1287,1286,갈등
WORD1288,1287,기대
WORD1289,1288,감동
WORD1290,1289,감사
WORD1291,1290,무리
WORD1292,1291,초대
WORD1293,1292,거만
WORD1294,1293,걱정
WORD1295,1294,걷다
WORD1296,1295,게으르다
WORD1297,1296,겨드랑이
WORD1298,1297,결심
WORD1299,1298,겸손
WORD1300,1299,무시
WORD1301,1300,시원하다
WORD1302,1301,남자
WORD1303,1302,기억
WORD1304,1303,부족
WORD1305,1304,두명
WORD1306,1305,세명
WORD1307,1306,네명
WORD1308,1307,다섯명
WORD1309,1308,여섯명
WORD1310,1309,일곱명
WORD1311,1310,여덟명
WORD1312,1311,아홉명
WORD1313,1312,열명
WORD1314,1313,귀엽다
WORD1315,1314,안타깝다
WORD1316,1315,인터체인지
WORD1317,1316,세쌍둥이
WORD1318,1317,네쌍둥이
WORD1319,1318,달래다
WORD1320,1319,집중
WORD1321,1320,검정
WORD1322,1321,빨강
WORD1323,1322,노랑
WORD1324,1323,초록
WORD1325,1324,파랑
WORD1326,1325,충혈
WORD1327,1326,갈색
WORD1328,1327,무지개
WORD1329,1328,분홍
WORD1330,1329,회색
WORD1331,1330,차량번호판
WORD1332,1331,밉다
WORD1333,1332,밉다
WORD1334,1333,배려
WORD1335,1334,배려
WORD1336,1335,잘못하다
WORD1337,1336,느리다
WORD1338,1337,무덤덤
WORD1339,1338,불신
WORD1340,1339,전자기기
WORD1341,1340,살인
WORD1342,1341,왼쪽
WORD1343,1342,오른쪽
WORD1344,1343,서다
WORD1345,1344,가다
WORD1346,1345,귀찮다
WORD1347,1346,귀찮다
WORD1348,1347,대략
WORD1349,1348,간단하다
WORD1350,1349,사기
WORD1351,1350,너
WORD1352,1351,저
WORD1353,1352,당신
WORD1354,1353,너희
WORD1355,1354,째려보다
WORD1356,1355,냄새
WORD1357,1356,때리다
WORD1358,1357,떨다
WORD1359,1358,틀리다
WORD1360,1359,뚱뚱하다
WORD1361,1360,뚱뚱하다
WORD1362,1361,세배
WORD1363,1362,네배
WORD1364,1363,다섯배
WORD1365,1364,여섯배
WORD1366,1365,일곱배
WORD1367,1366,여덟배
WORD1368,1367,아홉배
WORD1369,1368,열배
WORD1370,1369,귀
WORD1371,1370,눈썹
WORD1372,1371,눈
WORD1373,1372,치아
WORD1374,1373,이마
WORD1375,1374,볼
WORD1376,1375,목
WORD1377,1376,자다
WORD1378,1377,자다
WORD1379,1378,일어나다
WORD1380,1379,때리다
WORD1381,1380,괜찮다
WORD1382,1381,덥다
WORD1383,1382,따뜻하다
WORD1384,1383,없다
WORD1385,1384,싫다
WORD1386,1385,몸
WORD1387,1386,초대
WORD1388,1387,초대
WORD1389,1388,걷다
WORD1390,1389,걷다
WORD1391,1390,걷다
WORD1392,1391,걷다
WORD1393,1392,걷다
WORD1394,1393,여자
WORD1395,1394,야단치다
WORD1396,1395,야단치다
WORD1397,1396,째려보다
WORD1398,1397,전문
WORD1399,1398,미소
WORD1400,1399,남녀
WORD1401,1400,남녀
WORD1402,1401,충무로
WORD1403,1402,종각
WORD1404,1403,천호
WORD1405,1404,이화여자대학교
WORD1406,1405,종로3가
WORD1407,1406,종로5가
WORD1408,1407,을지로
WORD1409,1408,을지로3가
WORD1410,1409,을지로4가
WORD1411,1410,강남
WORD1412,1411,삼성
WORD1413,1412,강남구청
WORD1414,1413,강북
WORD1415,1414,강서
WORD1416,1415,까치산
WORD1417,1416,발산
WORD1418,1417,김포
WORD1419,1418,양천
WORD1420,1419,공항시장
WORD1421,1420,관악
WORD1422,1421,서울대학교
WORD1423,1422,아차산
WORD1424,1423,어린이대공원
WORD1425,1424,금천
WORD1426,1425,독산
WORD1427,1426,금천구청
WORD1428,1427,노원
WORD1429,1428,도봉산
WORD1430,1429,청량리
WORD1431,1430,동대문
WORD1432,1431,동작
WORD1433,1432,노량진
WORD1434,1433,마포
WORD1435,1434,홍익대학교
WORD1436,1435,서대문
WORD1437,1436,고속터미널
WORD1438,1437,남부터미널
WORD1439,1438,성동
WORD1440,1439,왕십리
WORD1441,1440,서울숲
WORD1442,1441,성북
WORD1443,1442,고려대학교
WORD1444,1443,송파
WORD1445,1444,종합운동장
WORD1446,1445,잠실
WORD1447,1446,잠실
WORD1448,1447,올림픽공원
WORD1449,1448,영등포
WORD1450,1449,영등포시장
WORD1451,1450,여의도
WORD1452,1451,용산
WORD1453,1452,신용산
WORD1454,1453,이태원
WORD1455,1454,광화문
WORD1456,1455,시청
WORD1457,1456,남대문시장
WORD1458,1457,명동
WORD1459,1458,광주
WORD1460,1459,구리
WORD1461,1460,분당
WORD1462,1461,남양주
WORD1463,1462,성남
WORD1464,1463,하남
WORD1465,1464,과천
WORD1466,1465,서울대공원
WORD1467,1466,광명
WORD1468,1467,군포
WORD1469,1468,부천
WORD1470,1469,시흥
WORD1471,1470,양평
WORD1472,1471,안산
WORD1473,1472,안양
WORD1474,1473,안양대학교
WORD1475,1474,수원
WORD1476,1475,안성
WORD1477,1476,중앙대학교
WORD1478,1477,용인
WORD1479,1478,강남대학교
WORD1480,1479,에버랜드
WORD1481,1480,용인대학교
WORD1482,1481,한국민속촌
WORD1483,1482,이천
WORD1484,1483,평택
WORD1485,1484,화성
WORD1486,1485,고양
WORD1487,1486,동두천
WORD1488,1487,양주
WORD1489,1488,연천
WORD1490,1489,파주
WORD1491,1490,포천
WORD1492,1491,가족
WORD1493,1492,전염
WORD1494,1493,운전면허갱신
WORD1495,1494,차량점검
WORD1496,1495,병원
WORD1497,1496,결혼
WORD1498,1497,경주
WORD1499,1498,이모
WORD1500,1499,고모
WORD1501,1500,운전면허
WORD1502,1501,골키퍼
WORD1503,1502,구경
WORD1504,1503,성토
WORD1505,1504,권투
WORD1506,1505,그립다
WORD1507,1506,키우다
WORD1508,1507,힘
WORD1509,1508,망가지다
WORD1510,1509,꿈
WORD1511,1510,낚시
WORD1512,1511,남매
WORD1513,1512,운전면허정지
WORD1514,1513,노래
WORD1515,1514,놀다
WORD1516,1515,누나
WORD1517,1516,울보
WORD1518,1517,여동생
WORD1519,1518,상처
WORD1520,1519,견제하다
WORD1521,1520,견문
WORD1522,1521,딸
WORD1523,1522,유도
WORD1524,1523,아내
WORD1525,1524,마라톤
WORD1526,1525,장녀
WORD1527,1526,원한
WORD1528,1527,엄마
WORD1529,1528,썩다
WORD1530,1529,바쁘다
WORD1531,1530,남편
WORD1532,1531,버릇
WORD1533,1532,병
WORD1534,1533,밥
WORD1535,1534,부부
WORD1536,1535,붓다
WORD1537,1536,빗
WORD1538,1537,죽다
WORD1539,1538,사진기
WORD1540,1539,생활
WORD1541,1540,성공
WORD1542,1541,자라다
WORD1543,1542,세수
WORD1544,1543,자다
WORD1545,1544,수영
WORD1546,1545,승부차기
WORD1547,1546,시아버지
WORD1548,1547,망신
WORD1549,1548,시집
WORD1550,1549,뚫다
WORD1551,1550,면박
WORD1552,1551,야구
WORD1553,1552,똑똑하다
WORD1554,1553,피곤
WORD1555,1554,양치
WORD1556,1555,오빠
WORD1557,1556,출장
WORD1558,1557,이사
WORD1559,1558,들추어내다
WORD1560,1559,아들딸
WORD1561,1560,자살
WORD1562,1561,8번째
WORD1563,1562,맏형
WORD1564,1563,테니스
WORD1565,1564,할머니
WORD1566,1565,할아버지
WORD1567,1566,조상
WORD1568,1567,조카
WORD1569,1568,중독
WORD1570,1569,연기
WORD1571,1570,치매
WORD1572,1571,탈
WORD1573,1572,흩어지다
WORD1574,1573,형
WORD1575,1574,사별
WORD1576,1575,환자
WORD1577,1576,시작
WORD1578,1577,밖
WORD1579,1578,먹칠하다
WORD1580,1579,견습
WORD1581,1580,시험
WORD1582,1581,고백
WORD1583,1582,째려보다
WORD1584,1583,관계
WORD1585,1584,논란
WORD1586,1585,교제
WORD1587,1586,구걸
WORD1588,1587,구조
WORD1589,1588,부탁
WORD1590,1589,글
WORD1591,1590,대기
WORD1592,1591,회사
WORD1593,1592,기차
WORD1594,1593,거슬리다
WORD1595,1594,단어
WORD1596,1595,심부름
WORD1597,1596,상담
WORD1598,1597,뻔뻔
WORD1599,1598,다리
WORD1600,1599,창피하다
WORD1601,1600,달서구주민지원센터
WORD1602,1601,동구지부
WORD1603,1602,동구수어통역센터
WORD1604,1603,동구주민지원센터
WORD1605,1604,수성구지부
WORD1606,1605,수성구수어통역센터
WORD1607,1606,수성구주민지원센터
WORD1608,1607,인천광역시농아인협회
WORD1609,1608,강화군지부
WORD1610,1609,강화군수어통역센터
WORD1611,1610,강화군주민지원센터
WORD1612,1611,연수구지부
WORD1613,1612,연수구수어통역센터
WORD1614,1613,연수구주민지원센터
WORD1615,1614,대전농아인협회
WORD1616,1615,대덕구지부
WORD1617,1616,대덕수어통역센터
WORD1618,1617,대덕구주민지원센터
WORD1619,1618,서구지부
WORD1620,1619,서구수어통역센터
WORD1621,1620,서구주민지원센터
WORD1622,1621,유성구지부
WORD1623,1622,유성구수어통역센터
WORD1624,1623,유성구주민지원센터
WORD1625,1624,중구지부
WORD1626,1625,중구수어통역센터
WORD1627,1626,중구주민지원센터
WORD1628,1627,광주광역시농아인협회
WORD1629,1628,광산구지부
WORD1630,1629,광산구수어통역센터
WORD1631,1630,광산구주민지원센터
WORD1632,1631,남구지부
WORD1633,1632,남구수어통역센터
WORD1634,1633,남구주민지원센터
WORD1635,1634,관계없다
WORD1636,1635,상관없다
WORD1637,1636,없다
WORD1638,1637,울산광역시농아인협회
WORD1639,1638,세종특별자치시농아인협회
WORD1640,1639,경기농아인협회
WORD1641,1640,가평군지부
WORD1642,1641,가평군수어통역센터
WORD1643,1642,가평군주민지원센터
WORD1644,1643,고양시지부
WORD1645,1644,고양시수어통역센터
WORD1646,1645,고양시청
WORD1647,1646,과천시지부
WORD1648,1647,과천시수어통역센터
WORD1649,1648,과천시청
WORD1650,1649,광명시지부
WORD1651,1650,광명시수어통역센터
WORD1652,1651,광명시청
WORD1653,1652,광주시지부
WORD1654,1653,광주시수어통역센터
WORD1655,1654,광주시청
WORD1656,1655,구리시지부
WORD1657,1656,구리시수어통역센터
WORD1658,1657,구리시청
WORD1659,1658,군포시지부
WORD1660,1659,군포시수어통역센터
WORD1661,1660,군포시청
WORD1662,1661,김포시지부
WORD1663,1662,김포시수어통역센터
WORD1664,1663,김포시청
WORD1665,1664,남양주시지부
WORD1666,1665,남양주시수어통역센터
WORD1667,1666,남양주시청
WORD1668,1667,동두천시지부
WORD1669,1668,동두천시수어통역센터
WORD1670,1669,동두천시청
WORD1671,1670,부천시지부
WORD1672,1671,부천시수어통역센터
WORD1673,1672,부천시청
WORD1674,1673,성남시지부
WORD1675,1674,성남시수어통역센터
WORD1676,1675,성남시청
WORD1677,1676,안성시지부
WORD1678,1677,안성시수어통역센터
WORD1679,1678,안성시청
WORD1680,1679,안양시지부
WORD1681,1680,안양시수어통역센터
WORD1682,1681,안양시청
WORD1683,1682,양주시지부
WORD1684,1683,양주시수어통역센터
WORD1685,1684,양주시청
WORD1686,1685,양평군지부
WORD1687,1686,양평군수어통역센터
WORD1688,1687,양평군주민지원센터
WORD1689,1688,여주시지부
WORD1690,1689,여주시수어통역센터
WORD1691,1690,여주시청
WORD1692,1691,연천군지부
WORD1693,1692,연천군수어통역센터
WORD1694,1693,연천군주민지원센터
WORD1695,1694,오산시지부
WORD1696,1695,오산시수어통역센터
WORD1697,1696,오산시시청
WORD1698,1697,용인시지부
WORD1699,1698,용인시수어통역센터
WORD1700,1699,용인시청
WORD1701,1700,의왕시지부
WORD1702,1701,의왕시수어통역센터
WORD1703,1702,의왕시청
WORD1704,1703,의정부시지부
WORD1705,1704,의정부시수어통역센터
WORD1706,1705,의정부시청
WORD1707,1706,이천시지부
WORD1708,1707,이천시수어통역센터
WORD1709,1708,이천시청
WORD1710,1709,파주시지부
WORD1711,1710,파주시수어통역센터
WORD1712,1711,파주시청
WORD1713,1712,평택시지부
WORD1714,1713,평택시수어통역센터
WORD1715,1714,평택시청
WORD1716,1715,포천시지부
WORD1717,1716,포천시수어통역센터
WORD1718,1717,포천시청
WORD1719,1718,하남시지부
WORD1720,1719,하남시수어통역센터
WORD1721,1720,하남시청
WORD1722,1721,화성시지부
WORD1723,1722,화성시수어통역센터
WORD1724,1723,화성시청
WORD1725,1724,강원도농아인협회
WORD1726,1725,강릉시지부
WORD1727,1726,강릉시수어통역센터
WORD1728,1727,강릉시청
WORD1729,1728,고성지부
WORD1730,1729,고성시수어통역센터
WORD1731,1730,재미없다
WORD1732,1731,동해시지부
WORD1733,1732,동해시수어통역센터
WORD1734,1733,동해시청
WORD1735,1734,삼척시지부
WORD1736,1735,삼척시수어통역센터
WORD1737,1736,삼척시청
WORD1738,1737,속초시지부
WORD1739,1738,속초시수어통역센터
WORD1740,1739,속초시청
WORD1741,1740,양양군지부
WORD1742,1741,양양군수어통역센터
WORD1743,1742,양양군주민지원센터
WORD1744,1743,영월군지부
WORD1745,1744,영월군수어통역센터
WORD1746,1745,영월군주민지원센터
WORD1747,1746,원주시지부
WORD1748,1747,원주시수어통역센터
WORD1749,1748,원주시청
WORD1750,1749,비다
WORD1751,1750,솜씨없다
WORD1752,1751,무소유
WORD1753,1752,철원군지부
WORD1754,1753,철원군수어통역센터
WORD1755,1754,철원군주민지원센터
WORD1756,1755,춘천시지부
WORD1757,1756,춘천시수어통역센터
WORD1758,1757,춘천시청
WORD1759,1758,더디다
WORD1760,1759,한눈팔다
WORD1761,1760,건성
WORD1762,1761,평창지부
WORD1763,1762,평창군수어통역센터
WORD1764,1763,평창군주민지원센터
WORD1765,1764,홍천군지부
WORD1766,1765,홍천군수어통역센터
WORD1767,1766,홍천군주민지원센터
WORD1768,1767,화천군지부
WORD1769,1768,화천군수어통역센터
WORD1770,1769,화천군주민지원센터
WORD1771,1770,횡성군지부
WORD1772,1771,횡성군수어통역센터
WORD1773,1772,횡성군주민지원센터
WORD1774,1773,충북농아인협회
WORD1775,1774,괴산군지부
WORD1776,1775,괴산군수어통역센터
WORD1777,1776,괴산군주민지원센터
WORD1778,1777,단양군지부
WORD1779,1778,단양군수어통역센터
WORD1780,1779,단양군주민지원센터
WORD1781,1780,보은군지부
WORD1782,1781,보은군수어통역센터
WORD1783,1782,보은군주민지원센터
WORD1784,1783,영동군지부
WORD1785,1784,영동군수어통역센터
WORD1786,1785,영동군주민지원센터
WORD1787,1786,옥천군지부
WORD1788,1787,옥천군수어통역센터
WORD1789,1788,옥천군주민지원센터
WORD1790,1789,제천시지부
WORD1791,1790,제천시수어통역센터
WORD1792,1791,제천시청
WORD1793,1792,진천군지부
WORD1794,1793,진천군수어통역센터
WORD1795,1794,진천군주민지원센터
WORD1796,1795,청주시지부
WORD1797,1796,청주시수어통역센터
WORD1798,1797,청주시청
WORD1799,1798,충주시지부
WORD1800,1799,충주시수어통역센터
WORD1801,1800,충주시청
WORD1802,1801,충남농아인협회
WORD1803,1802,천안시지부
WORD1804,1803,천안시수어통역센터
WORD1805,1804,천안시청
WORD1806,1805,공주시지부
WORD1807,1806,공주시수어통역센터
WORD1808,1807,공주시청
WORD1809,1808,9번째
WORD1810,1809,10번째
WORD1811,1810,12번째
WORD1812,1811,논산시지부
WORD1813,1812,논산시수어통역센터
WORD1814,1813,논산시청
WORD1815,1814,당진시지부
WORD1816,1815,당진시수어통역센터
WORD1817,1816,당진시청
WORD1818,1817,보령시지부
WORD1819,1818,보령수어통역센터
WORD1820,1819,보령시청
WORD1821,1820,부여군지부
WORD1822,1821,부여군수어통역센터
WORD1823,1822,부여군주민지원센터
WORD1824,1823,서산시지부
WORD1825,1824,서산시수어통역센터
WORD1826,1825,서산시청
WORD1827,1826,서천군지부
WORD1828,1827,서천군수어통역센터
WORD1829,1828,서천군주민지원센터
WORD1830,1829,아산시지부
WORD1831,1830,아산시수어통역센터
WORD1832,1831,아산시청
WORD1833,1832,예산군지부
WORD1834,1833,예산군수어통역센터
WORD1835,1834,예산군주민지원센터
WORD1836,1835,청양군지부
WORD1837,1836,청양군수어통역센터
WORD1838,1837,청양군주민지원센터
WORD1839,1838,태안군지부
WORD1840,1839,태안군수어통역센터
WORD1841,1840,태안군주민지원센터
WORD1842,1841,홍성군지부
WORD1843,1842,홍성군수어통역센터
WORD1844,1843,홍성군주민지원센터
WORD1845,1844,전북농아인협회
WORD1846,1845,고창군지부
WORD1847,1846,고창군수어통역센터
WORD1848,1847,고창군주민지원센터
WORD1849,1848,군산시지부
WORD1850,1849,군산시수어통역센터
WORD1851,1850,군산시청
WORD1852,1851,김제시지부
WORD1853,1852,김제시수어통역센터
WORD1854,1853,김제시청
WORD1855,1854,남원시지부
WORD1856,1855,군산시청
WORD1857,1856,남원시청
WORD1858,1857,무주군지부
WORD1859,1858,무주군수어통역센터
WORD1860,1859,무주군주민지원센터
WORD1861,1860,부안군지부
WORD1862,1861,부안군수어통역센터
WORD1863,1862,부안군주민지원센터
WORD1864,1863,순창군지부
WORD1865,1864,순창군주민지원센터
WORD1866,1865,순창군주민지원센터
WORD1867,1866,완주군지부
WORD1868,1867,완주군수어통역센터
WORD1869,1868,완주군주민지원센터
WORD1870,1869,익산시지부
WORD1871,1870,익산시수어통역센터
WORD1872,1871,익산시청
WORD1873,1872,임실군지부
WORD1874,1873,임실군수어통역센터
WORD1875,1874,임실군주민지원센터
WORD1876,1875,빈털터리
WORD1877,1876,평가하다
WORD1878,1877,불가능
WORD1879,1878,전주시지부
WORD1880,1879,전주시수어통역센터
WORD1881,1880,전주시청
WORD1882,1881,전남농아인협회
WORD1883,1882,강진군지부
WORD1884,1883,강진군수어통역센터
WORD1885,1884,강진군주민지원센터
WORD1886,1885,고흥군지부
WORD1887,1886,고흥군수어통역센터
WORD1888,1887,고흥군주민지원센터
WORD1889,1888,곡성군지부
WORD1890,1889,곡성군수어통역센터
WORD1891,1890,곡성군주민지원센터
WORD1892,1891,광양군지부
WORD1893,1892,광양군수어통역센터
WORD1894,1893,광양군주민지원센터
WORD1895,1894,나주시지부
WORD1896,1895,나주시수어통역센터
WORD1897,1896,나주시청
WORD1898,1897,목포시지부
WORD1899,1898,목포시수어통역센터
WORD1900,1899,목포시청
WORD1901,1900,무안군지부
WORD1902,1901,무안군수어통역센터
WORD1903,1902,무안군주민지원센터
WORD1904,1903,보성군지부
WORD1905,1904,보성군수어통역센터
WORD1906,1905,보성군주민지원센터
WORD1907,1906,순천시지부
WORD1908,1907,순천시수어통역센터
WORD1909,1908,순천시청
WORD1910,1909,신안군지부
WORD1911,1910,신안군수어통역센터
WORD1912,1911,신안군주민지원센터
WORD1913,1912,여수시지부
WORD1914,1913,여수시수어통역센터
WORD1915,1914,여수시청
WORD1916,1915,영광군지부
WORD1917,1916,영광군수어통역센터
WORD1918,1917,영광군주민지원센터
WORD1919,1918,영암군지부
WORD1920,1919,영암군수어통역센터
WORD1921,1920,영암군주민지원센터
WORD1922,1921,불필요
WORD1923,1922,하는수없다
WORD1924,1923,맛없다
WORD1925,1924,장흥군지부
WORD1926,1925,장흥군수어통역센터
WORD1927,1926,장흥군주민지원센터
WORD1928,1927,진도군지부
WORD1929,1928,진도군수어통역센터
WORD1930,1929,진도군주민지원센터
WORD1931,1930,해남군지부
WORD1932,1931,해남군수어통역센터
WORD1933,1932,해남군주민지원센터
WORD1934,1933,경북농아인협회
WORD1935,1934,경산시지부
WORD1936,1935,경산시수어통역센터
WORD1937,1936,경산시청
WORD1938,1937,경주시지부
WORD1939,1938,경주시수어통역센터
WORD1940,1939,경주시청
WORD1941,1940,고령군지부
WORD1942,1941,고령군수어통역센터
WORD1943,1942,고령군주민지원센터
WORD1944,1943,구미시지부
WORD1945,1944,구미시수어통역센터
WORD1946,1945,구미시청
WORD1947,1946,군위군지부
WORD1948,1947,군위군수어통역센터
WORD1949,1948,군위주민지원센터
WORD1950,1949,김천시지부
WORD1951,1950,김천시수어통역센터
WORD1952,1951,아하
WORD1953,1952,문경시지부
WORD1954,1953,문경시수어통역센터
WORD1955,1954,문경시청
WORD1956,1955,봉화군지부
WORD1957,1956,봉화군수어통역센터
WORD1958,1957,봉화군주민지원센터
WORD1959,1958,상주시지부
WORD1960,1959,상주시수어통역센터
WORD1961,1960,상주시청
WORD1962,1961,성주시지부
WORD1963,1962,성주시수어통역센터
WORD1964,1963,성주시청
WORD1965,1964,안동시지부
WORD1966,1965,안동시수어통역센터
WORD1967,1966,안동시청
WORD1968,1967,영덕군지부
WORD1969,1968,영덕군수어통역센터
WORD1970,1969,영덕군주민지원센터
WORD1971,1970,영양군지부
WORD1972,1971,영양군수어통역센터
WORD1973,1972,영양군주민지원센터
WORD1974,1973,영주시지부
WORD1975,1974,영주시수어통역센터
WORD1976,1975,영주시청
WORD1977,1976,영천시지부
WORD1978,1977,영천시수어통역센터
WORD1979,1978,영천시청
WORD1980,1979,예천군지부
WORD1981,1980,예천군수어통역센터
WORD1982,1981,예천군주민지원센터
WORD1983,1982,울릉군지부
WORD1984,1983,울릉군수어통역센터
WORD1985,1984,울릉군주민지원센터
WORD1986,1985,울진군지부
WORD1987,1986,울진군수어통역센터
WORD1988,1987,울진군주민지원센터
WORD1989,1988,의성군지부
WORD1990,1989,의성군수어통역센터
WORD1991,1990,의성군주민지원센터
WORD1992,1991,청도군지부
WORD1993,1992,청도군수어통역센터
WORD1994,1993,청도군주민지원센터
WORD1995,1994,청송군지부
WORD1996,1995,청송군수어통역센터
WORD1997,1996,청송군주민지원센터
WORD1998,1997,칠곡군지부
WORD1999,1998,칠곡군수어통역센터
WORD2000,1999,칠곡군주민지원센터
WORD2001,2000,금시초문
WORD2002,2001,중도포기
WORD2003,2002,지식인
WORD2004,2003,충격
WORD2005,2004,아기
WORD2006,2005,며느리
WORD2007,2006,중독
WORD2008,2007,피해자
WORD2009,2008,사고력
WORD2010,2009,아름답다
WORD2011,2010,거만
WORD2012,2011,반드시
WORD2013,2012,한국인
WORD2014,2013,사별
WORD2015,2014,안색
WORD2016,2015,어른
WORD2017,2016,외동딸
WORD2018,2017,외아들
WORD2019,2018,뛰어나다
WORD2020,2019,조용하다
WORD2021,2020,존경하다
WORD2022,2021,집요
WORD2023,2022,청년
WORD2024,2023,청소년
WORD2025,2024,타인
WORD2026,2025,기민하다
WORD2027,2026,기지
WORD2028,2027,잔소리
WORD2029,2028,무산
WORD2030,2029,무념무상
WORD2031,2030,추측
WORD2032,2031,노인
WORD2033,2032,파헤치다
WORD2034,2033,지혜
WORD2035,2034,신문
WORD2036,2035,목마르다
WORD2037,2036,이력
WORD2038,2037,알아서
WORD2039,2038,몸무게
WORD2040,2039,일반인
WORD2041,2040,책임자
WORD2042,2041,특기
WORD2043,2042,발각
WORD2044,2043,성냥불
WORD2045,2044,구분
WORD2046,2045,결심
WORD2047,2046,간
WORD2048,2047,걸음걸이
WORD2049,2048,결심
WORD2050,2049,계획
WORD2051,2050,일부러
WORD2052,2051,고인
WORD2053,2052,동의
WORD2054,2053,상상
WORD2055,2054,새파래지다
WORD2056,2055,예민
WORD2057,2056,관광
WORD2058,2057,태만
WORD2059,2058,귀엽다
WORD2060,2059,긍정적
WORD2061,2060,뽐내다
WORD2062,2061,기발
WORD2063,2062,독특
WORD2064,2063,여행자
WORD2065,2064,노화
WORD2066,2065,비상식적
WORD2067,2066,가엾다
WORD2068,2067,아둔하다
WORD2069,2068,말솜씨
WORD2070,2069,사색
WORD2071,2070,판박이
WORD2072,2071,체형
WORD2073,2072,무기력
WORD2074,2073,무분별
WORD2075,2074,미성년
WORD2076,2075,반성하다
WORD2077,2076,변화
WORD2078,2077,변천
WORD2079,2078,본성
WORD2080,2079,갑부
WORD2081,2080,불성실
WORD2082,2081,불신
WORD2083,2082,불친절
WORD2084,2083,사내
WORD2085,2084,상상
WORD2086,2085,성품
WORD2087,2086,소외감
WORD2088,2087,소지자
WORD2089,2088,솜씨
WORD2090,2089,솔직하다
WORD2091,2090,허약자
WORD2092,2091,실토
WORD2093,2092,엉뚱
WORD2094,2093,위인
WORD2095,2094,예견
WORD2096,2095,야망
WORD2097,2096,얼굴형
WORD2098,2097,울음소리
WORD2099,2098,웃음소리
WORD2100,2099,위
WORD2101,2100,위인
WORD2102,2101,욕망
WORD2103,2102,의문
WORD2104,2103,사욕
WORD2105,2104,인성
WORD2106,2105,인심
WORD2107,2106,인체
WORD2108,2107,가루약
WORD2109,2108,기초체조
WORD2110,2109,감염병
WORD2111,2110,중병
WORD2112,2111,선짓국
WORD2113,2112,햅쌀
WORD2114,2113,호떡
WORD2115,2114,들키다
WORD2116,2115,결혼식
WORD2117,2116,잠기다
WORD2118,2117,노고
WORD2119,2118,공범
WORD2120,2119,고조할아버지
WORD2121,2120,난감하다
WORD2122,2121,여리다
WORD2123,2122,구화
WORD2124,2123,노년기
WORD2125,2124,노부모
WORD2126,2125,매형
WORD2127,2126,제부
WORD2128,2127,수상
WORD2129,2128,검술
WORD2130,2129,물놀이
WORD2131,2130,물약
WORD2132,2131,돌보다
WORD2133,2132,생계
WORD2134,2133,친모
WORD2135,2134,친부
WORD2136,2135,생일
WORD2137,2136,작은엄마
WORD2138,2137,작은아빠
WORD2139,2138,의문
WORD2140,2139,도련님
WORD2141,2140,시어머니
WORD2142,2141,아주버님
WORD2143,2142,신부
WORD2144,2143,신혼
WORD2145,2144,약효
WORD2146,2145,여드름
WORD2147,2146,염색
WORD2148,2147,긴가민가
WORD2149,2148,미심쩍다
WORD2150,2149,의혹
WORD2151,2150,외할머니
WORD2152,2151,외할아버지
WORD2153,2152,운동장
WORD2154,2153,의혹
WORD2155,2154,낙인
WORD2156,2155,세뇌
WORD2157,2156,작은할아버지
WORD2158,2157,장난감
WORD2159,2158,발인
WORD2160,2159,장모
WORD2161,2160,장인어른
WORD2162,2161,처남
WORD2163,2162,처형
WORD2164,2163,알맞다
WORD2165,2164,큰아버지
WORD2166,2165,큰어머니
WORD2167,2166,큰언니
WORD2168,2167,큰형
WORD2169,2168,강요
WORD2170,2169,형수
WORD2171,2170,환갑
WORD2172,2171,회생
WORD2173,2172,직인
WORD2174,2173,용돈
WORD2175,2174,공문
WORD2176,2175,고리타분
WORD2177,2176,공항
WORD2178,2177,구조
WORD2179,2178,월급
WORD2180,2179,기술자
WORD2181,2180,합심
WORD2182,2181,반납
WORD2183,2182,사무실
WORD2184,2183,직원
WORD2185,2184,사장
WORD2186,2185,퇴사
WORD2187,2186,받다
WORD2188,2187,책무
WORD2189,2188,사업
WORD2190,2189,운전자
WORD2191,2190,일본어
WORD2192,2191,일터
WORD2193,2192,전근
WORD2194,2193,경비
WORD2195,2194,구인
WORD2196,2195,취업
WORD2197,2196,문득
WORD2198,2197,알려주다
WORD2199,2198,한국어
WORD2200,2199,한글
WORD2201,2200,화가
WORD2202,2201,망각
WORD2203,2202,새털
WORD2204,2203,물다
WORD2205,2204,잊어버리다
WORD2206,2205,깜빡하다
WORD2207,2206,돋보이다
WORD2208,2207,들키다
WORD2209,2208,빚더미
WORD2210,2209,유구무언
WORD2211,2210,욕구
WORD2212,2211,재벌
WORD2213,2212,일시불
WORD2214,2213,벼락부자
WORD2215,2214,궁하다
WORD2216,2215,의욕
WORD2217,2216,맥없다
WORD2218,2217,탕진
WORD2219,2218,맥없다
WORD2220,2219,인색하다
WORD2221,2220,인색하다
WORD2222,2221,교섭
WORD2223,2222,합의
WORD2224,2223,맥없다
WORD2225,2224,질색
WORD2226,2225,거절
WORD2227,2226,미진하다
WORD2228,2227,표리부동
WORD2229,2228,대물림
WORD2230,2229,대물림
WORD2231,2230,변제
WORD2232,2231,갑절
WORD2233,2232,권력
WORD2234,2233,착취
WORD2235,2234,값비싸다
WORD2236,2235,재량
WORD2237,2236,재량
WORD2238,2237,무자격
WORD2239,2238,상상하다
WORD2240,2239,헛수고
WORD2241,2240,미달성
WORD2242,2241,대박
WORD2243,2242,분주하다
WORD2244,2243,고수입
WORD2245,2244,일확천금
WORD2246,2245,근근이
WORD2247,2246,근근이
WORD2248,2247,혈안
WORD2249,2248,계획적
WORD2250,2249,폐업
WORD2251,2250,폐업
WORD2252,2251,폐업
WORD2253,2252,조종하다
WORD2254,2253,탕진
WORD2255,2254,마지못하다
WORD2256,2255,사교
WORD2257,2256,물론
WORD2258,2257,유명하다
WORD2259,2258,무례
WORD2260,2259,무례
WORD2261,2260,역력하다
WORD2262,2261,표리부동
WORD2263,2262,비상식적
WORD2264,2263,부합되다
WORD2265,2264,매료되다
WORD2266,2265,판박이
WORD2267,2266,판박이
WORD2268,2267,그렇다
WORD2269,2268,등지다
WORD2270,2269,무경험
WORD2271,2270,끊다
WORD2272,2271,기피하다
WORD2273,2272,기피하다
WORD2274,2273,아부
WORD2275,2274,아부
WORD2276,2275,아부
WORD2277,2276,맹세
WORD2278,2277,거만
WORD2279,2278,가만히
WORD2280,2279,유치하다
WORD2281,2280,유치하다
WORD2282,2281,결코
WORD2283,2282,들러리
WORD2284,2283,양자택일
WORD2285,2284,어차피
WORD2286,2285,양자택일
WORD2287,2286,각오
WORD2288,2287,위선자
WORD2289,2288,이중인격
WORD2290,2289,기회주의
WORD2291,2290,이기주의
WORD2292,2291,넘기다
WORD2293,2292,거저먹다
WORD2294,2293,험담
WORD2295,2294,달변
WORD2296,2295,달변
WORD2297,2296,빈말
WORD2298,2297,양다리
WORD2299,2298,고질적
WORD2300,2299,수다스럽다
WORD2301,2300,함구
WORD2302,2301,험담
WORD2303,2302,파악하다
WORD2304,2303,끊다
WORD2305,2304,설득되다
WORD2306,2305,불복종
WORD2307,2306,막말
WORD2308,2307,아첨
WORD2309,2308,놀리다
WORD2310,2309,임기응변
WORD2311,2310,마이동풍
WORD2312,2311,변명
WORD2313,2312,팔랑귀
WORD2314,2313,어림없다
WORD2315,2314,솔직히
WORD2316,2315,솔직히
WORD2317,2316,맞다
WORD2318,2317,맞다
WORD2319,2318,겸임
WORD2320,2319,동상이몽
WORD2321,2320,함구
WORD2322,2321,함구
WORD2323,2322,함구
WORD2324,2323,겸임
WORD2325,2324,일인다역
WORD2326,2325,책임지다
WORD2327,2326,내버려두다
WORD2328,2327,내뱉다
WORD2329,2328,내뱉다
WORD2330,2329,내뱉다
WORD2331,2330,명령
WORD2332,2331,막히다
WORD2333,2332,막히다
WORD2334,2333,막히다
WORD2335,2334,유구무언
WORD2336,2335,유구무언
WORD2337,2336,유구무언
WORD2338,2337,포기
WORD2339,2338,막상막하
WORD2340,2339,비등하다
WORD2341,2340,포기
WORD2342,2341,얕보다
WORD2343,2342,얕보다
WORD2344,2343,얕보다
WORD2345,2344,얕보다
WORD2346,2345,불간섭
WORD2347,2346,벗어나다
WORD2348,2347,전멸
WORD2349,2348,작살내다
WORD2350,2349,당하다
WORD2351,2350,만만하다
WORD2352,2351,기대다
WORD2353,2352,꺼지다
WORD2354,2353,꺼지다
WORD2355,2354,꺼지다
WORD2356,2355,꺼지다
WORD2357,2356,꺼지다
WORD2358,2357,꺼지다
WORD2359,2358,중립
WORD2360,2359,봐주다
WORD2361,2360,해하다
WORD2362,2361,해하다
WORD2363,2362,달성
WORD2364,2363,무자비
WORD2365,2364,무자비
WORD2366,2365,무자비
WORD2367,2366,괴팍하다
WORD2368,2367,달인
WORD2369,2368,당황
WORD2370,2369,감히
WORD2371,2370,대들다
WORD2372,2371,대들다
WORD2373,2372,대단하다
WORD2374,2373,중독되다
WORD2375,2374,부부싸움
WORD2376,2375,멍청하다
WORD2377,2376,뛰어나다
WORD2378,2377,원활
WORD2379,2378,적격
WORD2380,2379,엄청나다
WORD2381,2380,무시하다
WORD2382,2381,무시하다
WORD2383,2382,제법
WORD2384,2383,형편없다
WORD2385,2384,빌리다
WORD2386,2385,빌리다
WORD2387,2386,빌리다
WORD2388,2387,돕다
WORD2389,2388,돕다
WORD2390,2389,돕다
WORD2391,2390,욕하다
WORD2392,2391,욕하다
WORD2393,2392,욕하다
WORD2394,2393,주다
WORD2395,2394,주다
WORD2396,2395,주다
WORD2397,2396,지불하다
WORD2398,2397,지불하다
WORD2399,2398,지불하다
WORD2400,2399,대출
WORD2401,2400,대출
WORD2402,2401,대출
WORD2403,2402,점등
WORD2404,2403,소등
WORD2405,2404,포항시지부
WORD2406,2405,포항시수화통역센터
WORD2407,2406,포항시청
WORD2408,2407,경남농아인협회
WORD2409,2408,경남농아인협회
WORD2410,2409,거제시지부
WORD2411,2410,거제시수화통역센터
WORD2412,2411,거제시청
WORD2413,2412,거창군지부
WORD2414,2413,거창군수화통역센터
WORD2415,2414,거창군주민지원센터
WORD2416,2415,고성군지부
WORD2417,2416,고성군수화통역센터
WORD2418,2417,고성군주민지원센터
WORD2419,2418,김해시지부
WORD2420,2419,김해시수화통역센터
WORD2421,2420,김해시청
WORD2422,2421,남해군지부
WORD2423,2422,남해군수화통역센터
WORD2424,2423,남해군주민지원센터
WORD2425,2424,밀양시지부
WORD2426,2425,밀양시수화통역센터
WORD2427,2426,밀양시청
WORD2428,2427,사천시지부
WORD2429,2428,사천시수화통역센터
WORD2430,2429,사천시청
WORD2431,2430,산청군지부
WORD2432,2431,산청군수화통역센터
WORD2433,2432,산청군주민지원센터
WORD2434,2433,양산시지부
WORD2435,2434,양산시수화통역센터
WORD2436,2435,양산시청
WORD2437,2436,진주시지부
WORD2438,2437,진주시수화통역센터
WORD2439,2438,진주시청
WORD2440,2439,창녕군지부
WORD2441,2440,창녕군수화통역센터
WORD2442,2441,창녕군주민지원센터
WORD2443,2442,마산시지부
WORD2444,2443,마산시수화통역센터
WORD2445,2444,창원시지부
WORD2446,2445,창원시수화통역센터
WORD2447,2446,창원시청
WORD2448,2447,통영시지부
WORD2449,2448,통영시수화통역센터
WORD2450,2449,통영시청
WORD2451,2450,하동군지부
WORD2452,2451,하동군수화통역센터
WORD2453,2452,하동군주민지원센터
WORD2454,2453,함안군지부
WORD2455,2454,함안군수화통역센터
WORD2456,2455,함안군주민지원센터
WORD2457,2456,제주특별자치도농아인협회
WORD2458,2457,서귀포시지부
WORD2459,2458,서귀포시수화통역센터
WORD2460,2459,서귀포시청
WORD2461,2460,제주시지부
WORD2462,2461,제주시수화통역센터
WORD2463,2462,제주시청
WORD2464,2463,대구광역시청
WORD2465,2464,대전광역시청
WORD2466,2465,인천광역시청
WORD2467,2466,광주광역시청
WORD2468,2467,울산광역시청
WORD2469,2468,세종특별자치시
WORD2470,2469,경기도청
WORD2471,2470,제주도청
WORD2472,2471,충남도청
WORD2473,2472,충북도청
WORD2474,2473,경남도청
WORD2475,2474,경북도청
WORD2476,2475,전남도청
WORD2477,2476,전북도청
WORD2478,2477,강원도청
WORD2479,2478,궁리
WORD2480,2479,아하
WORD2481,2480,찔리다
WORD2482,2481,알아차리다
WORD2483,2482,알아차리다
WORD2484,2483,통찰
WORD2485,2484,모르다
WORD2486,2485,어렵다
WORD2487,2486,연구
WORD2488,2487,무소식
WORD2489,2488,소문내다
WORD2490,2489,뜻밖
WORD2491,2490,뜻밖
WORD2492,2491,못하다
WORD2493,2492,가능
WORD2494,2493,해내다
WORD2495,2494,우습다
WORD2496,2495,현대
WORD2497,2496,신나다
WORD2498,2497,쌍용
WORD2499,2498,꼴사납다
WORD2500,2499,가소롭다
WORD2501,2500,네덜란드
WORD2502,2501,광기
WORD2503,2502,노르웨이
WORD2504,2503,대만
WORD2505,2504,시시하다
WORD2506,2505,독도
WORD2507,2506,독일
WORD2508,2507,로마
WORD2509,2508,LA
WORD2510,2509,격노
WORD2511,2510,베트남
WORD2512,2511,벨기에
WORD2513,2512,불가리
WORD2514,2513,브라질
WORD2515,2514,스웨덴
WORD2516,2515,격노
WORD2517,2516,싱가폴
WORD2518,2517,짜증내다
WORD2519,2518,기절초풍
WORD2520,2519,우즈베키스탄
WORD2521,2520,유럽
WORD2522,2521,이란
WORD2523,2522,이집트
WORD2524,2523,제주도
WORD2525,2524,중국
WORD2526,2525,놀랍다
WORD2527,2526,캄보디아
WORD2528,2527,아프리카
WORD2529,2528,놀랍다
WORD2530,2529,놀랍다
WORD2531,2530,못마땅하다
WORD2532,2531,역겹다
WORD2533,2532,강물
WORD2534,2533,언덕
WORD2535,2534,골짜기
WORD2536,2535,황금
WORD2537,2536,석유
WORD2538,2537,달
WORD2539,2538,돌
WORD2540,2539,후지다
WORD2541,2540,흙
WORD2542,2541,뜨겁다
WORD2543,2542,일출
WORD2544,2543,먹구름
WORD2545,2544,황토
WORD2546,2545,바다
WORD2547,2546,뻔뻔
WORD2548,2547,낭패
WORD2549,2548,바람
WORD2550,2549,뻔뻔
WORD2551,2550,별
WORD2552,2551,비
WORD2553,2552,찔리다
WORD2554,2553,형편없다
WORD2555,2554,석탄
WORD2556,2555,섬
WORD2557,2556,철
WORD2558,2557,숲
WORD2559,2558,포기
WORD2560,2559,언덕
WORD2561,2560,호수
WORD2562,2561,예고
WORD2563,2562,온도
WORD2564,2563,일몰
WORD2565,2564,일출
WORD2566,2565,장마
WORD2567,2566,괴롭히다
WORD2568,2567,일몰
WORD2569,2568,제발
WORD2570,2569,차다
WORD2571,2570,위아래
WORD2572,2571,사계절
WORD2573,2572,체온
WORD2574,2573,아하
WORD2575,2574,하늘
WORD2576,2575,상부
WORD2577,2576,아래
WORD2578,2577,날
WORD2579,2578,수심
WORD2580,2579,햇빛
WORD2581,2580,홍수
WORD2582,2581,감나무
WORD2583,2582,제발
WORD2584,2583,기린
WORD2585,2584,꿀벌
WORD2586,2585,쌀벌레
WORD2587,2586,미국
WORD2588,2587,일본
WORD2589,2588,몽골
WORD2590,2589,러시아
WORD2591,2590,북한
WORD2592,2591,인도
WORD2593,2592,살살
WORD2594,2593,봐주다
WORD2595,2594,못보았다
WORD2596,2595,영어
WORD2597,2596,이스라엘
WORD2598,2597,필리핀
WORD2599,2598,홍콩
WORD2600,2599,황홀
WORD2601,2600,보이다
WORD2602,2601,이탈리아
WORD2603,2602,군산
WORD2604,2603,목포
WORD2605,2604,인천
WORD2606,2605,금산
WORD2607,2606,강원도
WORD2608,2607,태백
WORD2609,2608,보이다
WORD2610,2609,대구
WORD2611,2610,마산
WORD2612,2611,창원
WORD2613,2612,여수
WORD2614,2613,적중하다
WORD2615,2614,포항
WORD2616,2615,대전
WORD2617,2616,천안
WORD2618,2617,아산
WORD2619,2618,의정부
WORD2620,2619,봐주다
WORD2621,2620,원주
WORD2622,2621,눈썰미
WORD2623,2622,전주
WORD2624,2623,주목
WORD2625,2624,의성
WORD2626,2625,눈가림
WORD2627,2626,남원
WORD2628,2627,삼척
WORD2629,2628,일산
WORD2630,2629,강릉
WORD2631,2630,영
WORD2632,2631,일
WORD2633,2632,이
WORD2634,2633,삼
WORD2635,2634,사
WORD2636,2635,오
WORD2637,2636,육
WORD2638,2637,칠
WORD2639,2638,팔
WORD2640,2639,구
WORD2641,2640,십
WORD2642,2641,십
WORD2643,2642,십일
WORD2644,2643,십이
WORD2645,2644,십삼
WORD2646,2645,십사
WORD2647,2646,십오
WORD2648,2647,십육
WORD2649,2648,십칠
WORD2650,2649,십팔
WORD2651,2650,십구
WORD2652,2651,이십
WORD2653,2652,이십일
WORD2654,2653,이십이
WORD2655,2654,이십삼
WORD2656,2655,이십사
WORD2657,2656,이십오
WORD2658,2657,이십육
WORD2659,2658,이십칠
WORD2660,2659,이십팔
WORD2661,2660,이십구
WORD2662,2661,삼십
WORD2663,2662,삼십일
WORD2664,2663,삼십이
WORD2665,2664,삼십삼
WORD2666,2665,삼십사
WORD2667,2666,삼십오
WORD2668,2667,삼십육
WORD2669,2668,삼십칠
WORD2670,2669,삼십팔
WORD2671,2670,삼십구
WORD2672,2671,사십
WORD2673,2672,사십일
WORD2674,2673,사십이
WORD2675,2674,사십삼
WORD2676,2675,사십사
WORD2677,2676,사십오
WORD2678,2677,사십육
WORD2679,2678,사십칠
WORD2680,2679,사십팔
WORD2681,2680,사십구
WORD2682,2681,오십
WORD2683,2682,오십일
WORD2684,2683,오십이
WORD2685,2684,오십삼
WORD2686,2685,오십사
WORD2687,2686,오십오
WORD2688,2687,오십육
WORD2689,2688,오십칠
WORD2690,2689,오십팔
WORD2691,2690,오십구
WORD2692,2691,육십
WORD2693,2692,육십일
WORD2694,2693,육십이
WORD2695,2694,육십삼
WORD2696,2695,육십사
WORD2697,2696,육십오
WORD2698,2697,육십육
WORD2699,2698,육십칠
WORD2700,2699,육십팔
WORD2701,2700,육십구
WORD2702,2701,칠십
WORD2703,2702,칠십일
WORD2704,2703,칠십이
WORD2705,2704,칠십삼
WORD2706,2705,칠십사
WORD2707,2706,칠십오
WORD2708,2707,칠십육
WORD2709,2708,칠십칠
WORD2710,2709,칠십팔
WORD2711,2710,칠십구
WORD2712,2711,팔십
WORD2713,2712,팔십일
WORD2714,2713,팔십이
WORD2715,2714,팔십삼
WORD2716,2715,팔십사
WORD2717,2716,팔십오
WORD2718,2717,팔십육
WORD2719,2718,팔십칠
WORD2720,2719,팔십팔
WORD2721,2720,팔십구
WORD2722,2721,구십
WORD2723,2722,구십일
WORD2724,2723,구십이
WORD2725,2724,구십삼
WORD2726,2725,구십사
WORD2727,2726,구십오
WORD2728,2727,구십육
WORD2729,2728,구십칠
WORD2730,2729,구십팔
WORD2731,2730,구십구
WORD2732,2731,백
WORD2733,2732,백일
WORD2734,2733,백이
WORD2735,2734,백삼
WORD2736,2735,백사
WORD2737,2736,백오
WORD2738,2737,백육
WORD2739,2738,백칠
WORD2740,2739,백팔
WORD2741,2740,백구
WORD2742,2741,백십
WORD2743,2742,백십일
WORD2744,2743,백십이
WORD2745,2744,백십삼
WORD2746,2745,백십사
WORD2747,2746,백십오
WORD2748,2747,백십육
WORD2749,2748,백십칠
WORD2750,2749,백십팔
WORD2751,2750,백십구
WORD2752,2751,백이십
WORD2753,2752,백이십일
WORD2754,2753,백이십이
WORD2755,2754,백이십삼
WORD2756,2755,백이십사
WORD2757,2756,백이십오
WORD2758,2757,백이십육
WORD2759,2758,백이십칠
WORD2760,2759,백이십팔
WORD2761,2760,백이십구
WORD2762,2761,백삼십
WORD2763,2762,백삼십일
WORD2764,2763,백삼십이
WORD2765,2764,백삼십삼
WORD2766,2765,백삼십사
WORD2767,2766,백삼십오
WORD2768,2767,백삼십육
WORD2769,2768,백삼십칠
WORD2770,2769,백삼십팔
WORD2771,2770,백삼십구
WORD2772,2771,백사십
WORD2773,2772,백사십일
WORD2774,2773,백사십이
WORD2775,2774,백사십삼
WORD2776,2775,백사십사
WORD2777,2776,백사십오
WORD2778,2777,백사십육
WORD2779,2778,백사십칠
WORD2780,2779,백사십팔
WORD2781,2780,백사십구
WORD2782,2781,백오십
WORD2783,2782,백오십일
WORD2784,2783,백오십이
WORD2785,2784,백오십삼
WORD2786,2785,백오십사
WORD2787,2786,백오십오
WORD2788,2787,백오십육
WORD2789,2788,백오십칠
WORD2790,2789,백오십팔
WORD2791,2790,백오십구
WORD2792,2791,백육십
WORD2793,2792,백육십일
WORD2794,2793,백육십이
WORD2795,2794,백육십삼
WORD2796,2795,백육십사
WORD2797,2796,백육십오
WORD2798,2797,백육십육
WORD2799,2798,백육십칠
WORD2800,2799,백육십팔
WORD2801,2800,백육십구
WORD2802,2801,백칠십
WORD2803,2802,백칠십일
WORD2804,2803,백칠십이
WORD2805,2804,백칠십삼
WORD2806,2805,백칠십사
WORD2807,2806,백칠십오
WORD2808,2807,백칠십육
WORD2809,2808,백칠십칠
WORD2810,2809,백칠십팔
WORD2811,2810,백칠십구
WORD2812,2811,백팔십
WORD2813,2812,백팔십일
WORD2814,2813,백팔십이
WORD2815,2814,백팔십삼
WORD2816,2815,백팔십사
WORD2817,2816,백팔십오
WORD2818,2817,백팔십육
WORD2819,2818,백팔십칠
WORD2820,2819,백팔십팔
WORD2821,2820,백팔십구
WORD2822,2821,백구십
WORD2823,2822,백구십일
WORD2824,2823,백구십이
WORD2825,2824,백구십삼
WORD2826,2825,백구십사
WORD2827,2826,백구십오
WORD2828,2827,백구십육
WORD2829,2828,백구십칠
WORD2830,2829,백구십팔
WORD2831,2830,백구십구
WORD2832,2831,이백
WORD2833,2832,이백십
WORD2834,2833,이백이십
WORD2835,2834,이백삼십
WORD2836,2835,이백사십
WORD2837,2836,이백오십
WORD2838,2837,이백육십
WORD2839,2838,이백칠십
WORD2840,2839,이백팔십
WORD2841,2840,이백구십
WORD2842,2841,삼백
WORD2843,2842,삼백십
WORD2844,2843,삼백이십
WORD2845,2844,삼백삼십
WORD2846,2845,삼백사십
WORD2847,2846,삼백오십
WORD2848,2847,삼백육십
WORD2849,2848,삼백칠십
WORD2850,2849,삼백팔십
WORD2851,2850,삼백구십
WORD2852,2851,사백
WORD2853,2852,사백오십
WORD2854,2853,오백
WORD2855,2854,오백오십
WORD2856,2855,육백
WORD2857,2856,육백오십
WORD2858,2857,칠백
WORD2859,2858,칠백오십
WORD2860,2859,팔백
WORD2861,2860,팔백오십
WORD2862,2861,구백
WORD2863,2862,구백오십
WORD2864,2863,천
WORD2865,2864,천오백
WORD2866,2865,이천
WORD2867,2866,이천오백
WORD2868,2867,삼천
WORD2869,2868,삼천오백
WORD2870,2869,사천
WORD2871,2870,사천오백
WORD2872,2871,오천
WORD2873,2872,오천오백
WORD2874,2873,육천
WORD2875,2874,육천오백
WORD2876,2875,칠천
WORD2877,2876,칠천오백
WORD2878,2877,팔천
WORD2879,2878,팔천오백
WORD2880,2879,구천
WORD2881,2880,구천오백
WORD2882,2881,만
WORD2883,2882,만오천
WORD2884,2883,이만
WORD2885,2884,이만오천
WORD2886,2885,삼만
WORD2887,2886,삼만오천
WORD2888,2887,사만
WORD2889,2888,사만오천
WORD2890,2889,오만
WORD2891,2890,오만오천
WORD2892,2891,육만
WORD2893,2892,육만오천
WORD2894,2893,칠만
WORD2895,2894,칠만오천
WORD2896,2895,팔만
WORD2897,2896,팔만오천
WORD2898,2897,구만
WORD2899,2898,구만오천
WORD2900,2899,십만
WORD2901,2900,십오만
WORD2902,2901,이십만
WORD2903,2902,이십오만
WORD2904,2903,삼십만
WORD2905,2904,삼십오만
WORD2906,2905,사십만
WORD2907,2906,사십오만
WORD2908,2907,오십만
WORD2909,2908,오십오만
WORD2910,2909,육십만
WORD2911,2910,육십오만
WORD2912,2911,칠십만
WORD2913,2912,칠십오만
WORD2914,2913,팔십만
WORD2915,2914,팔십오만
WORD2916,2915,구십만
WORD2917,2916,구십오만
WORD2918,2917,백만
WORD2919,2918,백오십만
WORD2920,2919,이백만
WORD2921,2920,이백오십만
WORD2922,2921,삼백만
WORD2923,2922,삼백오십만
WORD2924,2923,사백만
WORD2925,2924,사백오십만
WORD2926,2925,오백만
WORD2927,2926,오백오십만
WORD2928,2927,육백만
WORD2929,2928,육백오십만
WORD2930,2929,칠백만
WORD2931,2930,칠백오십만
WORD2932,2931,팔백만
WORD2933,2932,팔백오십만
WORD2934,2933,구백만
WORD2935,2934,구백오십만
WORD2936,2935,천만
WORD2937,2936,천오백만
WORD2938,2937,이천만
WORD2939,2938,이천오백만
WORD2940,2939,삼천만
WORD2941,2940,삼천오백만
WORD2942,2941,사천만
WORD2943,2942,사천오백만
WORD2944,2943,오천만
WORD2945,2944,오천오백만
WORD2946,2945,육천만
WORD2947,2946,육천오백만
WORD2948,2947,칠천만
WORD2949,2948,칠천오백만
WORD2950,2949,팔천만
WORD2951,2950,팔천오백만
WORD2952,2951,구천만
WORD2953,2952,구천오백만
WORD2954,2953,일억
WORD2955,2954,일억오천만
WORD2956,2955,이억
WORD2957,2956,이억오천만
WORD2958,2957,삼억
WORD2959,2958,삼억오천만
WORD2960,2959,사억
WORD2961,2960,사억오천만
WORD2962,2961,오억
WORD2963,2962,오억오천만
WORD2964,2963,육억
WORD2965,2964,육억오천만
WORD2966,2965,칠억
WORD2967,2966,칠억오천만
WORD2968,2967,팔억
WORD2969,2968,팔억오천만
WORD2970,2969,구억
WORD2971,2970,구억오천만
WORD2972,2971,십억
WORD2973,2972,십억
WORD2974,2973,십오억
WORD2975,2974,이십억
WORD2976,2975,이십오억
WORD2977,2976,삼십억
WORD2978,2977,삼십오억
WORD2979,2978,사십억
WORD2980,2979,사십오억
WORD2981,2980,오십억
WORD2982,2981,오십오억
WORD2983,2982,육십억
WORD2984,2983,육십오억
WORD2985,2984,칠십억
WORD2986,2985,칠십오억
WORD2987,2986,팔십억
WORD2988,2987,팔십오억
WORD2989,2988,구십억
WORD2990,2989,구십오억
WORD2991,2990,백억
WORD2992,2991,이백억
WORD2993,2992,삼백억
WORD2994,2993,사백억
WORD2995,2994,오백억
WORD2996,2995,육백억
WORD2997,2996,칠백억
WORD2998,2997,팔백억
WORD2999,2998,구백억
WORD3000,2999,일조
